{"acc": 0.7914628699298494, "loss": 0.22523186955695895, "_runtime": 29, "_timestamp": 1632629735, "_step": 7, "_wandb": {"runtime": 39}}