{"acc": 0.7854605543352622, "loss": 0.2677003375552409, "_runtime": 18, "_timestamp": 1632629642, "_step": 7, "_wandb": {"runtime": 33}}