{"acc": 0.8320527374436131, "loss": 0.15044307981351177, "_runtime": 19, "_timestamp": 1632629694, "_step": 7, "_wandb": {"runtime": 53}}