{"acc": 0.8774878420915398, "loss": 0.08897260598030109, "_runtime": 18, "_timestamp": 1632629796, "_step": 7, "_wandb": {"runtime": 45}}